{"count":1,"self":3.8349476,"total":169.42708009999998,"children":{"InitializeActuators":{"count":25,"self":0.0020019,"total":0.0020019,"children":null},"InitializeSensors":{"count":25,"self":0.0010008999999999999,"total":0.0010008999999999999,"children":null},"AgentSendState":{"count":4017,"self":0.95244809999999991,"total":5.3307081,"children":{"CollectObservations":{"count":100425,"self":1.3730502,"total":1.3730502,"children":null},"WriteActionMask":{"count":100425,"self":0.3022765,"total":0.3022765,"children":null},"RequestDecision":{"count":100425,"self":0.7416146,"total":2.7029332999999998,"children":{"AgentInfo.ToProto":{"count":100425,"self":0.64568799999999993,"total":1.9613186999999999,"children":{"GenerateSensorData":{"count":100425,"self":1.3156307,"total":1.3156307,"children":null}}}}}}},"DecideAction":{"count":4017,"self":138.2915456,"total":138.2915425,"children":null},"AgentAct":{"count":4017,"self":21.53852,"total":21.965878399999998,"children":{"AgentInfo.ToProto":{"count":14263,"self":0.15614329999999998,"total":0.4273588,"children":{"GenerateSensorData":{"count":14263,"self":0.2712155,"total":0.2712155,"children":null}}}}}},"gauges":{"CRP.CumulativeReward":{"count":14263,"max":5.88,"min":-106.719994,"runningAverage":4.546375,"value":1,"weightedAverage":1.08233345}},"metadata":{"timer_format_version":"0.1.0","start_time_seconds":"1626479500","unity_version":"2019.4.17f1","command_line_arguments":"H:\/programming\/unity\/Editor\/Unity.exe -projectpath D:\/works\/Arbeit\/Entwicklung\/UDE\/TUL\/AI\/dev\/PortSim -useHub -hubIPC -cloudEnvironment production -hubSessionId 503dadc0-e478-11eb-ad10-2762e3e85765 -accessToken jrHUVTvo-LPi80-VV6fWA1H_Cm2pmylp2VkskbuMy_o008f","communication_protocol_version":"1.5.0","com.unity.ml-agents_version":"2.0.0-exp.1","scene_name":"array","end_time_seconds":"1626479670"}}