{"count":1,"self":1139.5913728,"total":1459.2889562,"children":{"InitializeActuators":{"count":289,"self":0.0040081,"total":0.0040081,"children":null},"InitializeSensors":{"count":289,"self":0.0040029,"total":0.0040029,"children":null},"AgentSendState":{"count":41557,"self":2.1874317999999997,"total":11.7124004,"children":{"CollectObservations":{"count":100512,"self":6.0411123999999994,"total":6.0411123,"children":null},"WriteActionMask":{"count":100512,"self":0.3824358,"total":0.3824358,"children":null},"RequestDecision":{"count":100512,"self":1.0031577999999999,"total":3.1014204999999997,"children":{"AgentInfo.ToProto":{"count":100512,"self":0.84292709999999993,"total":2.0982627,"children":{"GenerateSensorData":{"count":100512,"self":1.2553356,"total":1.2553356,"children":null}}}}}}},"DecideAction":{"count":41557,"self":288.21422079999996,"total":288.2142174,"children":null},"AgentAct":{"count":41557,"self":19.413683199999998,"total":19.413682599999998,"children":null},"AgentInfo.ToProto":{"count":15806,"self":0.1411211,"total":0.3483023,"children":{"GenerateSensorData":{"count":15806,"self":0.20718119999999998,"total":0.20718119999999998,"children":null}}}},"gauges":{"WhereToStack.CumulativeReward":{"count":15806,"max":17.4618587,"min":-124.117218,"runningAverage":1.41786015,"value":2,"weightedAverage":1.3304913}},"metadata":{"timer_format_version":"0.1.0","start_time_seconds":"1618994507","unity_version":"2019.4.17f1","command_line_arguments":"H:\/programming\/unity\/Editor\/Unity.exe -projectpath D:\/works\/Arbeit\/Entwicklung\/UDE\/TUL\/AI\/dev\/PortSim -useHub -hubIPC -cloudEnvironment production -hubSessionId 11d799a0-9eba-11eb-bec2-1d54eb3192c3 -accessToken x5evevGiGG4qevpnF2e2AM1U4HiU-1x9E3T7NG-BFXk008f","communication_protocol_version":"1.5.0","com.unity.ml-agents_version":"1.9.0-preview","scene_name":"PortSim","end_time_seconds":"1618995966"}}