{"count":1,"self":23.289182399999998,"total":25.685029,"children":{"AgentSendState":{"count":43594,"self":0.39035159999999997,"total":1.195112,"children":{"CollectObservations":{"count":14516,"self":0.6996549,"total":0.6996549,"children":null},"WriteActionMask":{"count":14516,"self":0.0370399,"total":0.0370399,"children":null},"RequestDecision":{"count":14516,"self":0.06806559999999999,"total":0.06806559999999999,"children":null}}},"DecideAction":{"count":43594,"self":0.9725237,"total":0.9725237,"children":null},"AgentAct":{"count":43594,"self":0.22420749999999998,"total":0.22420749999999998,"children":null},"InitializeActuators":{"count":49,"self":0.0030023999999999997,"total":0.0030023999999999997,"children":null},"InitializeSensors":{"count":49,"self":0.0010012999999999999,"total":0.0010012999999999999,"children":null}},"gauges":{"CRPBehaviour.CumulativeReward":{"count":141,"max":9.752657,"min":-636.4426,"runningAverage":-107.955132,"value":-406.970825,"weightedAverage":-168.490524}},"metadata":{"timer_format_version":"0.1.0","start_time_seconds":"1626430953","unity_version":"2019.4.17f1","command_line_arguments":"H:\/programming\/unity\/Editor\/Unity.exe -projectpath D:\/works\/Arbeit\/Entwicklung\/UDE\/TUL\/AI\/dev\/PortSim -useHub -hubIPC -cloudEnvironment production -hubSessionId 503dadc0-e478-11eb-ad10-2762e3e85765 -accessToken jrHUVTvo-LPi80-VV6fWA1H_Cm2pmylp2VkskbuMy_o008f","communication_protocol_version":"1.5.0","com.unity.ml-agents_version":"2.0.0-exp.1","scene_name":"PortSim","end_time_seconds":"1626430979"}}