{"count":1,"self":437.58510079999996,"total":628.3951063,"children":{"InitializeActuators":{"count":196,"self":0.0020017999999999998,"total":0.0020017999999999998,"children":null},"InitializeSensors":{"count":196,"self":0.012009299999999999,"total":0.012009299999999999,"children":null},"AgentSendState":{"count":25633,"self":0.5681303,"total":3.7258655999999997,"children":{"CollectObservations":{"count":14946,"self":1.8696523999999999,"total":1.8696525,"children":null},"WriteActionMask":{"count":14946,"self":0.052050799999999994,"total":0.052050799999999994,"children":null},"RequestDecision":{"count":14946,"self":0.1761507,"total":1.236032,"children":{"AgentInfo.ToProto":{"count":14946,"self":0.13911279999999998,"total":1.0598813,"children":{"GenerateSensorData":{"count":14946,"self":0.9207685,"total":0.9207685,"children":null}}}}}}},"DecideAction":{"count":25633,"self":180.6816,"total":180.68159609999998,"children":null},"AgentAct":{"count":25633,"self":5.6325743999999993,"total":6.3875167,"children":{"AgentInfo.ToProto":{"count":11767,"self":0.11115499999999999,"total":0.7549423,"children":{"GenerateSensorData":{"count":11767,"self":0.6437873,"total":0.6437873,"children":null}}}}}},"gauges":{"WhereToStack.CumulativeReward":{"count":11767,"max":14.1482677,"min":-0.8,"runningAverage":0.562164,"value":3.53612447,"weightedAverage":1.595494}},"metadata":{"timer_format_version":"0.1.0","start_time_seconds":"1622056101","unity_version":"2019.4.17f1","command_line_arguments":"H:\/programming\/unity\/Editor\/Unity.exe -projectpath D:\/works\/Arbeit\/Entwicklung\/UDE\/TUL\/AI\/dev\/PortSim -useHub -hubIPC -cloudEnvironment production -hubSessionId a5c8e4e0-be11-11eb-a38f-e34d5f9e89e2 -accessToken IioNoGV5v_rsa_8nolP2YgC2ly1gNXmp-YLpojKWcKQ008f","communication_protocol_version":"1.5.0","com.unity.ml-agents_version":"2.0.0-exp.1","scene_name":"PortSim","end_time_seconds":"1622056729"}}