{"count":1,"self":45.986368,"total":82.3632226,"children":{"AgentSendState":{"count":61034,"self":0.3723534,"total":1.4017559,"children":{"CollectObservations":{"count":7280,"self":0.6106555,"total":0.6106555,"children":null},"WriteActionMask":{"count":7280,"self":0.0210256,"total":0.0210256,"children":null},"RequestDecision":{"count":7280,"self":0.10237009999999999,"total":0.3977214,"children":{"AgentInfo.ToProto":{"count":7280,"self":0.057071199999999996,"total":0.2953513,"children":{"GenerateSensorData":{"count":7280,"self":0.2382801,"total":0.2382801,"children":null}}}}}}},"DecideAction":{"count":61034,"self":34.667798399999995,"total":34.667797799999995,"children":null},"AgentAct":{"count":61034,"self":0.2762699,"total":0.3032968,"children":{"AgentInfo.ToProto":{"count":661,"self":0.004005,"total":0.0270269,"children":{"GenerateSensorData":{"count":661,"self":0.023021899999999998,"total":0.023021899999999998,"children":null}}}}},"InitializeActuators":{"count":36,"self":0.0020020999999999997,"total":0.0020020999999999997,"children":null},"InitializeSensors":{"count":36,"self":0.002002,"total":0.002002,"children":null}},"gauges":{"FindContainerOut.CumulativeReward":{"count":301,"max":0.259916365,"min":-0.401213646,"runningAverage":0.00249970122,"value":0,"weightedAverage":-0.003409337},"FindContainerIn.CumulativeReward":{"count":121,"max":0.402650148,"min":-0.3784011,"runningAverage":0.00122940529,"value":-0.18395409,"weightedAverage":-0.0298297},"FindIndex.CumulativeReward":{"count":239,"max":0.2753479,"min":-3.73030353,"runningAverage":-1.40257943,"value":-1.1338098,"weightedAverage":-1.22533894}},"metadata":{"timer_format_version":"0.1.0","start_time_seconds":"1625763447","unity_version":"2019.4.17f1","command_line_arguments":"H:\/programming\/unity\/Editor\/Unity.exe -projectpath D:\/works\/Arbeit\/Entwicklung\/UDE\/TUL\/AI\/dev\/PortSim -useHub -hubIPC -cloudEnvironment production -hubSessionId 859dde40-dfe6-11eb-8920-c7293317a0ff -accessToken HaBZL78hLUNEf7Xl8yPk_DhCeq1wxQMHxrcC8EgtQeI008f","communication_protocol_version":"1.5.0","com.unity.ml-agents_version":"2.0.0-exp.1","scene_name":"PortSim","end_time_seconds":"1625763530"}}