{"count":1,"self":19.478431999999998,"total":19.9008353,"children":{"AgentSendState":{"count":11875,"self":0.0910906,"total":0.2963091,"children":{"CollectObservations":{"count":1719,"self":0.1851976,"total":0.1851976,"children":null},"WriteActionMask":{"count":1719,"self":0.0030025,"total":0.0030025,"children":null},"RequestDecision":{"count":1719,"self":0.0170184,"total":0.0170184,"children":null}}},"DecideAction":{"count":11875,"self":0.089057199999999989,"total":0.089057199999999989,"children":null},"AgentAct":{"count":11875,"self":0.034034299999999996,"total":0.034034299999999996,"children":null},"InitializeActuators":{"count":9,"self":0.0010008999999999999,"total":0.0010008999999999999,"children":null},"InitializeSensors":{"count":9,"self":0.0020020999999999997,"total":0.0020020999999999997,"children":null}},"gauges":{},"metadata":{"timer_format_version":"0.1.0","start_time_seconds":"1626421296","unity_version":"2019.4.17f1","command_line_arguments":"H:\/programming\/unity\/Editor\/Unity.exe -projectpath D:\/works\/Arbeit\/Entwicklung\/UDE\/TUL\/AI\/dev\/PortSim -useHub -hubIPC -cloudEnvironment production -hubSessionId 503dadc0-e478-11eb-ad10-2762e3e85765 -accessToken jrHUVTvo-LPi80-VV6fWA1H_Cm2pmylp2VkskbuMy_o008f","communication_protocol_version":"1.5.0","com.unity.ml-agents_version":"2.0.0-exp.1","scene_name":"PortSim","end_time_seconds":"1626421316"}}