{"count":1,"self":22239.3729024,"total":24054.81132,"children":{"InitializeActuators":{"count":4,"self":0.0020017999999999998,"total":0.0020017999999999998,"children":null},"InitializeSensors":{"count":4,"self":0.001001,"total":0.001001,"children":null},"AgentSendState":{"count":120224723,"self":581.8865152,"total":682.6608133,"children":{"CollectObservations":{"count":191903,"self":71.023571199999992,"total":71.0235682,"children":null},"WriteActionMask":{"count":191903,"self":0.77825689999999992,"total":0.77825689999999992,"children":null},"RequestDecision":{"count":191903,"self":28.9724608,"total":28.972461799999998,"children":null}}},"DecideAction":{"count":120224723,"self":790.4730624,"total":790.4730869,"children":null},"AgentAct":{"count":120224723,"self":342.3004416,"total":342.30043509999996,"children":null}},"gauges":{},"metadata":{"timer_format_version":"0.1.0","start_time_seconds":"1625243407","unity_version":"2019.4.17f1","command_line_arguments":"H:\/programming\/unity\/Editor\/Unity.exe -projectpath D:\/works\/Arbeit\/Entwicklung\/UDE\/TUL\/AI\/dev\/PortSim -useHub -hubIPC -cloudEnvironment production -hubSessionId 5b4c3d40-db03-11eb-950d-f9868dba0269 -accessToken v-7VfPEd7UQ31ectWRbJ-bTXEl2Xfk4dB9p9A0eOoAs008f","communication_protocol_version":"1.5.0","com.unity.ml-agents_version":"2.0.0-exp.1","scene_name":"PortSim","end_time_seconds":"1625267462"}}