{"count":1,"self":1581.6923136,"total":1722.5308022,"children":{"InitializeActuators":{"count":121,"self":0.0020017999999999998,"total":0.0020017999999999998,"children":null},"InitializeSensors":{"count":121,"self":0.0020025,"total":0.0020025,"children":null},"AgentSendState":{"count":88348,"self":1.5236131,"total":3.7634627999999997,"children":{"CollectObservations":{"count":21292,"self":1.3009604,"total":1.3009604,"children":null},"WriteActionMask":{"count":21292,"self":0.10509589999999999,"total":0.10509589999999999,"children":null},"RequestDecision":{"count":21292,"self":0.2652719,"total":0.83379339999999991,"children":{"AgentInfo.ToProto":{"count":21292,"self":0.2261993,"total":0.5685215,"children":{"GenerateSensorData":{"count":21292,"self":0.34232219999999997,"total":0.34232219999999997,"children":null}}}}}}},"DecideAction":{"count":88348,"self":133.85407999999998,"total":133.8540836,"children":null},"AgentAct":{"count":88348,"self":3.1578969999999997,"total":3.2159484,"children":{"AgentInfo.ToProto":{"count":3589,"self":0.027024299999999998,"total":0.058051399999999996,"children":{"GenerateSensorData":{"count":3589,"self":0.0310271,"total":0.0310271,"children":null}}}}}},"gauges":{"WhereToStack.CumulativeReward":{"count":3589,"max":4,"min":-87887.375,"runningAverage":-185.3616,"value":-28.49188,"weightedAverage":-145.579163}},"metadata":{"timer_format_version":"0.1.0","start_time_seconds":"1618918113","unity_version":"2019.4.17f1","command_line_arguments":"H:\/programming\/unity\/Editor\/Unity.exe -projectpath D:\/works\/Arbeit\/Entwicklung\/UDE\/TUL\/AI\/dev\/PortSim -useHub -hubIPC -cloudEnvironment production -hubSessionId 11d799a0-9eba-11eb-bec2-1d54eb3192c3 -accessToken qrtT2QiBsBc_HPmyinmcAovXGYtCnoK_s4BZ2IbP_s8008f","communication_protocol_version":"1.5.0","com.unity.ml-agents_version":"1.9.0-preview","scene_name":"PortSim","end_time_seconds":"1618919836"}}