{"count":1,"self":6014.3427584,"total":9361.1932333,"children":{"InitializeActuators":{"count":130,"self":0.0010008,"total":0.0010008,"children":null},"InitializeSensors":{"count":130,"self":0.0040041,"total":0.0040041,"children":null},"AgentSendState":{"count":580922,"self":11.776607199999999,"total":102.1790261,"children":{"CollectObservations":{"count":379262,"self":60.486591999999995,"total":60.486590199999995,"children":null},"WriteActionMask":{"count":379262,"self":1.3151152,"total":1.3151152,"children":null},"RequestDecision":{"count":379262,"self":4.0416555999999995,"total":28.600713199999998,"children":{"AgentInfo.ToProto":{"count":379262,"self":3.279069,"total":24.559057499999998,"children":{"GenerateSensorData":{"count":379262,"self":21.279988799999998,"total":21.279988499999998,"children":null}}}}}}},"DecideAction":{"count":580922,"self":3176.9452544,"total":3176.9451581,"children":null},"AgentAct":{"count":580922,"self":62.110380799999994,"total":62.1103782,"children":null},"AgentInfo.ToProto":{"count":78728,"self":1.0177675,"total":5.609925,"children":{"GenerateSensorData":{"count":78728,"self":4.5921576,"total":4.5921575,"children":null}}}},"gauges":{"WhereToStack.CumulativeReward":{"count":78698,"max":54.11346,"min":-955.5881,"runningAverage":3.1328125,"value":5.57785654,"weightedAverage":3.0059967}},"metadata":{"timer_format_version":"0.1.0","start_time_seconds":"1622285906","unity_version":"2019.4.17f1","command_line_arguments":"H:\/programming\/unity\/Editor\/Unity.exe -projectpath D:\/works\/Arbeit\/Entwicklung\/UDE\/TUL\/AI\/dev\/PortSim -useHub -hubIPC -cloudEnvironment production -hubSessionId a5c8e4e0-be11-11eb-a38f-e34d5f9e89e2 -accessToken IioNoGV5v_rsa_8nolP2YgC2ly1gNXmp-YLpojKWcKQ008f","communication_protocol_version":"1.5.0","com.unity.ml-agents_version":"2.0.0-exp.1","scene_name":"PortSim","end_time_seconds":"1622295267"}}