{"count":1,"self":81.870137599999993,"total":223.00594239999998,"children":{"AgentSendState":{"count":368034,"self":2.0093528,"total":5.7111906999999995,"children":{"CollectObservations":{"count":29437,"self":2.1783276,"total":2.1783276,"children":null},"WriteActionMask":{"count":29437,"self":0.087105099999999991,"total":0.087105099999999991,"children":null},"RequestDecision":{"count":29437,"self":0.3263598,"total":1.4364051999999998,"children":{"AgentInfo.ToProto":{"count":29437,"self":0.27631469999999997,"total":1.1100454,"children":{"GenerateSensorData":{"count":29437,"self":0.83373069999999994,"total":0.83373069999999994,"children":null}}}}}}},"DecideAction":{"count":368034,"self":133.9612032,"total":133.9611988,"children":null},"AgentAct":{"count":368034,"self":1.3613127999999999,"total":1.4604139999999999,"children":{"AgentInfo.ToProto":{"count":2676,"self":0.022021699999999998,"total":0.0991012,"children":{"GenerateSensorData":{"count":2676,"self":0.0770795,"total":0.0770795,"children":null}}}}},"InitializeActuators":{"count":16,"self":0.0010008999999999999,"total":0.0010008999999999999,"children":null},"InitializeSensors":{"count":16,"self":0.0010011,"total":0.0010011,"children":null}},"gauges":{"FindContainerOut.CumulativeReward":{"count":1074,"max":0.278524518,"min":-1,"runningAverage":-0.002066523,"value":0,"weightedAverage":-3.34728247E-06},"FindIndex.CumulativeReward":{"count":965,"max":0.0487983823,"min":-4.52086449,"runningAverage":-1.48692465,"value":-2.007781,"weightedAverage":-1.3931638},"FindContainerIn.CumulativeReward":{"count":637,"max":0.6933356,"min":-0.5682303,"runningAverage":0.0006355862,"value":-0.0446147323,"weightedAverage":0.000694063}},"metadata":{"timer_format_version":"0.1.0","start_time_seconds":"1625769494","unity_version":"2019.4.17f1","command_line_arguments":"H:\/programming\/unity\/Editor\/Unity.exe -projectpath D:\/works\/Arbeit\/Entwicklung\/UDE\/TUL\/AI\/dev\/PortSim -useHub -hubIPC -cloudEnvironment production -hubSessionId 859dde40-dfe6-11eb-8920-c7293317a0ff -accessToken HaBZL78hLUNEf7Xl8yPk_DhCeq1wxQMHxrcC8EgtQeI008f","communication_protocol_version":"1.5.0","com.unity.ml-agents_version":"2.0.0-exp.1","scene_name":"PortSim","end_time_seconds":"1625769717"}}