{"count":1,"self":486.44991999999996,"total":644.3649194,"children":{"AgentSendState":{"count":812267,"self":4.5246363999999994,"total":7.239685,"children":{"CollectObservations":{"count":21109,"self":1.4977186999999998,"total":1.4977186999999998,"children":null},"WriteActionMask":{"count":21109,"self":0.0890696,"total":0.0890696,"children":null},"RequestDecision":{"count":21109,"self":0.22620859999999998,"total":1.1282604,"children":{"AgentInfo.ToProto":{"count":21109,"self":0.19518649999999999,"total":0.9020518,"children":{"GenerateSensorData":{"count":21109,"self":0.70686529999999992,"total":0.70686529999999992,"children":null}}}}}}},"DecideAction":{"count":812267,"self":148.0291456,"total":148.02913999999998,"children":null},"AgentAct":{"count":812267,"self":2.5500856,"total":2.5500855,"children":null},"InitializeActuators":{"count":16,"self":0.0020017999999999998,"total":0.0020017999999999998,"children":null},"InitializeSensors":{"count":16,"self":0,"total":0,"children":null},"AgentInfo.ToProto":{"count":2015,"self":0.0190177,"total":0.093081,"children":{"GenerateSensorData":{"count":2015,"self":0.0740633,"total":0.0740633,"children":null}}}},"gauges":{"CRPBehaviour.CumulativeReward":{"count":2015,"max":29.0958462,"min":-1246.98584,"runningAverage":11.9023857,"value":17.0126133,"weightedAverage":15.4329252}},"metadata":{"timer_format_version":"0.1.0","start_time_seconds":"1626446665","unity_version":"2019.4.17f1","command_line_arguments":"H:\/programming\/unity\/Editor\/Unity.exe -projectpath D:\/works\/Arbeit\/Entwicklung\/UDE\/TUL\/AI\/dev\/PortSim -useHub -hubIPC -cloudEnvironment production -hubSessionId 503dadc0-e478-11eb-ad10-2762e3e85765 -accessToken jrHUVTvo-LPi80-VV6fWA1H_Cm2pmylp2VkskbuMy_o008f","communication_protocol_version":"1.5.0","com.unity.ml-agents_version":"2.0.0-exp.1","scene_name":"PortSim","end_time_seconds":"1626447309"}}